0,prde_x-pl
1,subs_m-pl
2,conj_NA-NA
3,verb_piel-p3-perf_m-sg
4,nmpr_m-sg
5,prep_NA-NA
6,subs_m-sg_c
7,nmpr_x-sg
8,subs_m-sg
9,subs_f-sg
10,subs_x-sg_c
11,subs_x-sg
12,verb_qal-p3-wayq_m-sg
13,subs_m-pl_c
14,prep_NA-NA_וֹ-p3sgm
15,prep_NA-NA_הֶם-p3plm
16,verb_hif-x-infc_x-x_וֹ-p3sgm
17,adjv_m-sg
18,verb_qal-x-ptca_m-sg_c
19,verb_hif-p3-perf_m-sg
20,prde_f-sg
21,verb_qal-x-infc_x-x
22,subs_m-pl_נוּ-p1plx
23,prep_NA-NA_נוּ-p1plx
24,prep_NA-NA_ָכֶם-p2plm
25,prde_m-sg
26,verb_qal-p2-impv_m-pl
27,subs_m-pl_ו-p3sgm
28,verb_qal-p2-impv_m-sg
29,verb_qal-p1-perf_x-sg
30,subs_m-pl_כֶם-p2plm
31,verb_nif-p3-perf_m-sg
32,verb_qal-x-infc_x-x_c
33,prep_NA-NA_ָהֶם-p3plm
34,subs_m-sg_ָמ-p3plm
35,subs_m-pl_הֶם-p3plm
36,verb_qal-p1-wayq_x-sg
37,prep_NA-NA_כֶם-p2plm
38,prps_f-sg
39,nega_NA-NA
40,verb_qal-p1-impf_x-sg
41,subs_m-sg_ִי-p1sgx
42,intj_NA-NA_ְכֶם-p2plm
43,verb_hif-p3-impf_m-sg
44,subs_f-pl
45,verb_piel-p3-impf_m-sg
46,inrg_NA-NA
47,subs_m-sg_ֲכֶם-p2plm
48,subs_m-sg_ְכֶם-p2plm
49,adjv_m-pl
50,verb_nif-x-ptca_m-pl
51,verb_qal-x-ptcp_m-pl
52,verb_qal-p1-impf_x-sg_ֵמ-p3plm
53,verb_qal-p2-wayq_m-pl
54,prep_NA-NA_ִי-p1sgx
55,verb_piel-p2-perf_m-sg
56,prep_NA-NA_ָמ-p3plm
57,verb_qal-x-ptca_m-pl
58,verb_piel-p1-wayq_x-sg
59,verb_qal-x-ptca_m-pl_כֶם-p2plm
60,verb_qal-x-infa_x-x
61,verb_qal-p2-perf_m-pl
62,subs_m-sg_ו-p3sgm
63,subs_m-sg_וֹ-p3sgm
64,verb_hif-p2-impf_m-pl
65,verb_qal-p2-impf_m-pl
66,prps_m-sg
67,verb_qal-p3-impf_m-sg
68,prep_NA-NA_כֶּם-p2plm
69,verb_qal-p1-perf_x-sg_ו-p3sgm
70,verb_qal-p1-wayq_x-pl
71,verb_nif-x-ptca_m-sg
72,prep_NA-NA_ָנוּ-p1plx
73,verb_qal-x-ptca_m-sg
74,verb_qal-p3-perf_m-sg
75,subs_m-pl_כָ-p2sgm
76,prep_NA-NA_ָכְ-p2sgm
77,verb_qal-p2-impf_m-sg
78,verb_nif-p2-impf_m-sg
79,verb_qal-p1-impf_x-pl
80,verb_qal-p3-impf_m-pl
81,verb_hif-p3-impf_m-pl
82,prep_NA-NA_ָהּ-p3sgf
83,prep_NA-NA_הֶן-p3plf
84,subs_f-du
85,subs_x-du
86,verb_qal-p3-wayq_m-pl
87,verb_piel-p3-wayq_m-pl
88,subs_x-sg_ָמ-p3plm
89,verb_hif-p3-wayq_m-pl
90,adjv_f-sg
91,verb_hif-p2-wayq_m-pl
92,verb_nif-p2-wayq_m-pl
93,subs_f-sg_c
94,verb_hif-p3-perf_m-sg_ָנוּ-p1plx
95,verb_hif-x-infc_x-x_ֵנוּ-p1plx
96,prps_x-pl
97,verb_hif-p3-perf_x-pl
98,subs_m-sg_ֵנוּ-p1plx
99,prep_NA-NA_וּ-p1plx
100,adjv_f-pl
101,advb_NA-NA
102,verb_qal-p1-perf_x-pl
103,verb_nif-p3-impf_m-sg
104,prep_NA-NA_ְכֶם-p2plm
105,subs_f-du_כֶם-p2plm
106,verb_qal-p2-perf_m-sg
107,verb_qal-p3-perf_m-sg_ֲכָ-p2sgm
108,verb_qal-x-infc_x-x_ֲכֶם-p2plm
109,verb_hif-x-ptca_m-pl
110,verb_qal-x-infc_x-x_ְכֶם-p2plm
111,verb_hif-x-infc_x-x_ְכֶם-p2plm
112,verb_nif-p3-wayq_m-sg
113,verb_nif-p1-perf_x-sg
114,verb_qal-p3-impf_m-sg_ָה-p3sgf
115,verb_hit-p3-perf_m-sg
116,subs_m-sg_כֶם-p2plm
117,verb_piel-p2-impv_m-sg
118,verb_hif-p3-impf_m-sg_ָה-p3sgf
119,verb_qal-p3-perf_x-pl
120,prps_m-pl
121,verb_qal-p1-impf_x-sg_ָה-p3sgf
122,verb_qal-p3-impf_m-pl_הָ-p3sgf
123,verb_nif-p1-perf_x-pl
124,verb_piel-p3-perf_m-sg_ָנוּ-p1plx
125,subs_f-sg_וֹ-p3sgm
126,verb_nif-p2-impf_m-pl
127,verb_qal-p3-impf_f-pl
128,verb_nif-p2-perf_m-pl
129,verb_hit-p2-impf_m-pl
130,verb_piel-p3-perf_m-sg_ְכָ-p2sgm
131,subs_x-sg_ֶכָ-p2sgm
132,verb_qal-x-infc_x-x_ְכָ-p2sgm
133,verb_hit-p2-impf_m-sg
134,prep_NA-NA_ְכָ-p2sgm
135,subs_x-sg_וֹ-p3sgm
136,nmpr_m-pl
137,verb_nif-p3-impf_m-pl
138,verb_qal-p3-impf_m-pl_מ-p3plm
139,verb_hif-p3-wayq_m-pl_מ-p3plm
140,verb_qal-p3-perf_f-sg
141,verb_qal-x-infc_x-x_ָמ-p3plm
142,verb_piel-p3-wayq_m-sg
143,verb_qal-p2-impf_m-sg_ֵמ-p3plm
144,verb_qal-p1-perf_x-sg_הָ-p3sgf
145,verb_nif-p3-impf_f-sg
146,verb_hif-p3-wayq_m-sg_ֵמ-p3plm
147,verb_qal-p3-wayq_m-pl_מ-p3plm
148,verb_hif-p3-perf_x-pl_מ-p3plm
149,subs_x-sg_ְכָ-p2sgm
150,verb_hif-p2-impv_m-sg
151,verb_hit-p2-impv_m-sg
152,verb_hif-p1-impf_x-sg
153,subs_m-sg_ְכָ-p2sgm
154,subs_f-sg_ְכָ-p2sgm
155,subs_m-sg_כָ-p2sgm
156,verb_hif-p2-impf_m-sg_ֵנִי-p1sgx
157,verb_qal-x-infc_x-x_וֹ-p3sgm
158,verb_hif-p1-perf_x-sg
159,verb_qal-x-infc_x-x_ֵנוּ-p1plx
160,verb_qal-p3-wayq_m-sg_ֵהוּ-p3sgm
161,verb_hif-p1-wayq_x-pl
162,subs_f-pl_ו-p3sgm
163,verb_hif-p1-perf_x-pl
164,subs_f-pl_c
165,subs_x-sg_ֵנוּ-p1plx
166,verb_hif-p1-wayq_x-pl_ֵהוּ-p3sgm
167,verb_hif-x-infa_x-x
168,subs_x-du_c
169,intj_NA-NA
170,adjv_f-sg_c
171,subs_m-sg_ָהּ-p3sgf
172,verb_qal-x-infc_x-x_ָהּ-p3sgf
173,subs_f-pl_כֶם-p2plm
174,verb_piel-p1-perf_x-sg
175,subs_f-du_כָ-p2sgm
176,verb_qal-x-ptca_f-pl
177,verb_qal-p2-impf_m-pl_מ-p3plm
178,verb_hit-p1-wayq_x-sg
179,verb_hif-p2-perf_m-sg
180,verb_hif-x-infc_x-x
181,prin_x-x
182,subs_f-pl_ֶכָ-p2sgm
183,verb_hit-p3-wayq_m-sg
184,verb_hif-p2-impf_m-sg
185,verb_piel-x-infc_x-x
186,verb_piel-p2-impv_m-sg_ֵהוּ-p3sgm
187,prps_x-sg
188,verb_piel-x-ptca_m-sg
189,prep_NA-NA_וּ-p3sgm
190,verb_hif-p3-perf_m-sg_וֹ-p3sgm
191,subs_m-sg_ֶכָ-p2sgm
192,verb_piel-p3-perf_m-sg_ַנִי-p1sgx
193,subs_f-sg_כֶם-p2plm
194,subs_f-du_c
195,prep_NA-NA_ו-p3sgm
196,verb_nif-p2-impv_m-sg
197,verb_hif-p2-perf_m-sg_ָמ-p3plm
198,verb_hif-p1-impf_x-sg_ֵמ-p3plm
199,verb_piel-p3-impf_m-pl
200,verb_hif-p3-wayq_m-sg
201,verb_qal-p3-wayq_m-sg_ֵמ-p3plm
202,verb_qal-p3-impf_f-sg
203,verb_nif-p2-perf_m-sg
204,verb_hsht-p2-perf_m-sg
205,verb_qal-p2-perf_m-sg_ָמ-p3plm
206,verb_qal-x-infc_x-x_ִי-p1sgx
207,verb_nif-p2-impv_m-pl
208,verb_qal-x-ptca_f-sg
209,verb_hif-p2-perf_m-pl
210,verb_piel-x-infa_x-x
211,prep_NA-NA_הָ-p3sgf
212,verb_nif-x-infc_x-x
213,verb_piel-p2-perf_m-pl
214,verb_qal-p2-impf_m-sg_וּ-p3sgm
215,subs_f-sg_ֶכָ-p2sgm
216,verb_qal-p3-perf_x-pl_כָ-p2sgm
217,verb_hif-p3-impf_m-sg_ְכָ-p2sgm
218,verb_hif-p3-impf_m-sg_ֶכָ-p2sgm
219,prep_NA-NA_הוּ-p3sgm
220,verb_qal-x-ptcp_f-sg
221,verb_hof-p2-perf_m-sg
222,verb_hif-p3-perf_m-sg_כָ-p2sgm
223,verb_piel-x-infc_x-x_כָּ-p2sgm
224,verb_hif-p3-wayq_m-sg_כָ-p2sgm
225,verb_hif-x-infc_x-x_c
226,verb_hif-x-infc_x-x_ֲכָ-p2sgm
227,verb_piel-x-ptca_m-sg_ְכָ-p2sgm
228,subs_m-sg_ֵהוּ-p3sgm
229,subs_m-sg_ָנוּ-p1plx
230,verb_hif-p1-perf_x-sg_כָ-p2sgm
231,verb_hsht-p2-impf_m-sg
232,verb_hof-p2-impf_m-sg_ֵמ-p3plm
233,verb_qal-x-ptca_m-pl_c
234,subs_f-pl_ו-p1sgx
235,verb_piel-x-infc_x-x_וֹ-p3sgm
236,prep_NA-NA_כָ-p2sgm
237,verb_hif-p3-wayq_m-sg_ֲכָ-p2sgm
238,subs_m-sg_ֲכָ-p2sgm
239,adjv_m-pl_כֶם-p2plm
240,verb_qal-p3-impf_f-sg_ֵנוּ-p1plx
241,verb_piel-p2-impf_m-sg
242,verb_piel-x-infc_x-x_כֶם-p2plm
243,verb_piel-p3-perf_x-pl
244,verb_piel-p1-impf_x-sg
245,verb_piel-p2-impf_m-sg_ֵמ-p3plm
246,verb_piel-x-ptca_m-sg_ֶכָ-p2sgm
247,verb_qal-x-ptca_f-sg_c
248,verb_piel-p2-perf_m-sg_ָמ-p3plm
249,verb_qal-x-infc_x-x_ֶכָ-p2sgm
250,verb_hif-p3-impf_m-sg_ֲכָ-p2sgm
251,verb_hif-p3-perf_m-sg_ְכָ-p2sgm
252,verb_piel-p2-impf_m-pl
253,verb_piel-p3-perf_m-sg_ָכְ-p2sgm
254,verb_qal-x-ptca_m-pl_כָ-p2sgm
255,verb_qal-p3-impf_m-sg_כָ-p2sgm
256,verb_hif-p3-wayq_m-sg_ֵנוּ-p1plx
257,subs_f-du_נוּ-p1plx
258,verb_piel-p3-wayq_m-sg_ֵנוּ-p1plx
259,verb_piel-x-infc_x-x_ֵנוּ-p1plx
260,prep_NA-NA_כָּ-p2sgm
261,verb_qal-p3-perf_m-sg_ָמ-p3plm
262,subs_f-pl_ָמ-p3plm
263,subs_f-pl_הֶם-p3plm
264,verb_qal-p3-wayq_m-sg_ְכָ-p2sgm
265,verb_qal-x-ptca_m-pl_ו-p3sgm
266,verb_qal-x-ptca_m-sg_וֹ-p3sgm
267,verb_qal-p3-perf_m-sg_ְכָ-p2sgm
268,verb_hif-p3-perf_m-sg_ֶכָ-p2sgm
269,verb_qal-x-ptcp_m-sg
270,verb_qal-p3-impf_m-sg_ָמ-p3plm
271,verb_hif-x-infc_x-x_ָמ-p3plm
272,verb_piel-x-infc_x-x_ָמ-p3plm
273,verb_nif-x-infc_x-x_ָמ-p3plm
274,verb_hit-p3-impf_m-sg
275,verb_hif-x-infc_x-x_ְכָ-p2sgm
276,verb_piel-p2-impf_m-sg_וּ-p3sgm
277,verb_hif-p3-perf_m-sg_ֲכָ-p2sgm
278,verb_piel-x-infc_x-x_ְכָ-p2sgm
279,verb_piel-p3-wayq_m-sg_ְכָ-p2sgm
280,verb_hif-p3-wayq_m-sg_ֶכָ-p2sgm
281,verb_hif-p3-wayq_m-sg_ְכָ-p2sgm
282,verb_hif-x-infc_x-x_כָ-p2sgm
283,verb_piel-x-ptca_m-sg_כָּ-p2sgm
284,verb_hif-x-ptca_m-sg_ֲכָ-p2sgm
285,subs_f-pl_הָ-p3sgf
286,subs_m-pl_הָ-p3sgf
287,verb_hif-x-ptca_m-sg_כָ-p2sgm
288,verb_hif-x-ptca_m-sg
289,verb_piel-x-infc_x-x_ֶכָ-p2sgm
290,subs_x-sg_ִי-p1sgx
291,verb_hif-p3-impf_m-sg_ֵמ-p3plm
292,subs_f-sg_ִי-p1sgx
293,verb_hif-p3-perf_m-sg_ַנִי-p1sgx
294,verb_hif-x-ptca_m-sg_ָמ-p3plm
295,adjv_m-sg_c
296,verb_piel-p1-perf_x-sg_מ-p3plm
297,verb_hif-p1-wayq_x-sg_ֵמ-p3plm
298,verb_piel-p1-wayq_x-sg_ֵמ-p3plm
299,subs_f-sg_ְכֶם-p2plm
300,verb_hif-p1-wayq_x-sg
301,verb_hit-p1-perf_x-sg
302,verb_hif-p2-perf_m-sg_נוּ-p1plx
303,verb_hif-p3-perf_m-sg_ָמ-p3plm
304,subs_x-sg_ֲכָ-p2sgm
305,verb_hif-x-infc_x-x_ֶכָ-p2sgm
306,subs_m-pl_ָמ-p3plm
307,verb_nif-x-ptca_f-pl
308,verb_piel-p3-wayq_m-sg_ֵמ-p3plm
309,subs_m-sg_הָ-p3sgf
310,verb_qal-p3-wayq_f-sg_ֵמ-p3plm
311,subs_f-du_הֶם-p3plm
312,subs_x-sg_ְכֶם-p2plm
313,verb_hsht-p2-perf_m-pl
314,subs_x-sg_כֶם-p2plm
315,subs_f-du_ו-p3sgm
316,subs_f-pl_כָ-p2sgm
317,verb_qal-p3-impf_m-sg_וּ-p3sgm
318,verb_piel-p3-impf_f-sg
319,verb_piel-p1-perf_x-sg_כָ-p2sgm
320,verb_hof-p1-impf_x-pl_ֵמ-p3plm
321,verb_hof-p3-impf_m-sg
322,verb_qal-x-ptca_m-sg_ְכָ-p2sgm
323,verb_qal-p2-perf_m-sg_וֹ-p3sgm
324,subs_f-sg_ָמ-p3plm
325,verb_nif-p3-perf_f-sg
326,subs_f-sg_ָהּ-p3sgf
327,verb_piel-p3-perf_m-sg_כָ-p2sgm
328,verb_hif-x-ptca_f-sg
329,verb_hif-x-ptca_f-sg_c
330,verb_hif-x-ptca_m-pl_c
331,verb_hif-x-ptca_m-sg_c
332,verb_qal-p2-impf_m-sg_ָה-p3sgf
333,verb_qal-p3-perf_m-sg_ָהּ-p3sgf
334,verb_piel-p3-impf_m-sg_ְכָ-p2sgm
335,verb_qal-p3-impf_f-sg_כָ-p2sgm
336,verb_hif-p3-impf_f-sg
337,verb_hif-p2-impf_m-sg_וּ-p3sgm
338,adjv_m-sg_ֶכָ-p2sgm
339,adjv_m-sg_ְכָ-p2sgm
340,verb_piel-x-infc_x-x_ֲכָ-p2sgm
341,subs_x-du_כָ-p2sgm
342,verb_hsht-p3-wayq_m-sg
343,verb_hof-p3-perf_m-sg
344,verb_hif-p3-impf_m-pl_כָ-p2sgm
345,verb_qal-p2-perf_m-sg_ָהּ-p3sgf
346,subs_m-du
347,verb_piel-x-ptca_m-pl
348,prep_NA-NA_נִי-p1sgx
349,verb_piel-p1-impf_x-sg_וּ-p3sgm
350,verb_piel-p1-perf_x-sg_ו-p3sgm
351,verb_piel-p3-perf_m-sg_וֹ-p3sgm
352,verb_hif-p3-perf_m-sg_ָהוּ-p3sgm
353,adjv_m-pl_c
354,verb_hif-x-ptca_m-sg_ְכָ-p2sgm
355,verb_qal-x-infc_x-x_כֶם-p2plm
356,verb_qal-p3-perf_m-sg_וֹ-p3sgm
357,verb_piel-p3-impf_m-sg_וּ-p3sgm
358,verb_piel-x-infc_x-x_c
359,verb_qal-p3-impf_f-sg_ְכָ-p2sgm
360,prps_f-pl
361,verb_hif-p2-impf_m-sg_ֵמ-p3plm
362,adjv_m-pl_כָ-p2sgm
363,verb_pual-p3-perf_m-sg
364,verb_nif-p3-perf_x-pl
365,subs_m-sg_הֶם-p3plm
366,subs_x-du_הֶם-p3plm
367,subs_x-du_נוּ-p1plx
368,verb_nit-p3-perf_m-sg
369,verb_hif-p2-perf_m-sg_ָהּ-p3sgf
370,verb_piel-p3-perf_f-sg
371,verb_hif-p3-perf_f-sg
372,verb_piel-p2-perf_m-sg_ָהּ-p3sgf
373,subs_m-sg_וּ-p3sgm
374,verb_qal-p3-perf_x-pl_הוּ-p3sgm
375,verb_hit-p2-perf_m-sg
376,verb_hif-p2-perf_m-sg_וֹ-p3sgm
377,verb_hit-x-infc_x-x
378,verb_qal-p3-wayq_m-sg_ֶהָ-p3sgf
379,verb_piel-x-infc_x-x_ָהּ-p3sgf
380,verb_qal-p3-perf_x-pl_הָ-p3sgf
381,verb_qal-x-ptcp_f-sg_c
382,verb_pual-x-ptcp_f-sg
383,verb_pual-p3-perf_f-sg
384,verb_piel-p3-perf_m-sg_ָהּ-p3sgf
385,verb_qal-x-ptcp_m-sg_c
386,verb_hit-x-ptca_m-sg
387,subs_x-sg_כָ-p2sgm
388,subs_x-sg_ָהּ-p3sgf
389,verb_hotp-p3-perf_f-sg
390,nmpr_f-sg
391,verb_piel-p3-perf_m-sg_כָּ-p2sgm
392,verb_hof-p3-impf_m-pl
393,verb_qal-p3-perf_x-pl_מ-p3plm
394,verb_hif-p3-impf_m-sg_וּ-p3sgm
395,verb_piel-x-infc_x-x_ִי-p1sgx
396,verb_hif-x-ptca_m-sg_ֵהוּ-p3sgm
397,verb_piel-p3-wayq_m-pl_נוּ-p1plx
398,verb_piel-p2-perf_m-sg_נִי-p1sgx
399,verb_qal-x-ptca_f-sg_וֹ-p3sgm
400,verb_hif-p3-perf_x-pl_כָ-p2sgm
401,verb_nif-x-infc_x-x_כָ-p2sgm
402,verb_qal-x-infc_x-x_כָ-p2sgm
403,verb_qal-p2-perf_m-sg_נִי-p1sgx
404,verb_hif-p3-impf_m-sg_ְכָה-p2sgm
405,verb_nif-x-infc_x-x_ָכְ-p2sgm
406,verb_qal-p3-impf_m-sg_נה-p3sgf
407,verb_qal-x-ptcp_f-pl
408,verb_pual-x-ptcp_m-sg
409,verb_piel-p3-impf_m-sg_כָ-p2sgm
410,verb_qal-p3-impf_f-sg_וּ-p3sgm
411,prep_NA-NA_ָהֵן-p3plf
412,verb_qal-x-ptca_m-sg_ֶכָ-p2sgm
413,verb_qal-x-ptca_m-sg_כָ-p2sgm
414,subs_f-du_הָ-p3sgf
415,verb_qal-p3-impf_f-sg_ֵמ-p3plm
416,subs_f-pl_ְכָ-p2sgm
417,verb_hit-p2-perf_m-pl
418,verb_hif-p1-wayq_x-pl_ֵמ-p3plm
419,verb_qal-p1-wayq_x-pl_ָהּ-p3sgf
420,verb_hsht-p3-wayq_m-pl
421,verb_piel-p3-perf_m-sg_ֶכָ-p2sgm
422,verb_nif-x-ptca_m-sg_ֲכָ-p2sgm
423,verb_qal-p3-impf_m-sg_ֶכָ-p2sgm
424,verb_qal-p3-impf_m-sg_ֶהָ-p3sgf
425,verb_hif-p3-impf_m-sg_ֵנוּ-p1plx
426,verb_qal-p1-impf_x-pl_ָה-p3sgf
427,verb_qal-p3-impf_m-sg_כָּ-p2sgm
428,verb_hif-p2-impf_m-sg_ָה-p3sgf
429,verb_qal-p3-wayq_m-sg_ָהּ-p3sgf
430,verb_hit-p2-impv_m-pl
431,verb_hit-p3-wayq_m-pl
432,intj_NA-NA_ְכָ-p2sgm
433,verb_qal-p3-perf_m-sg_ַנִי-p1sgx
434,verb_qal-p1-perf_x-sg_מ-p3plm
435,verb_qal-p3-perf_x-pl_נִי-p1sgx
436,verb_piel-p2-impv_m-sg_ָהּ-p3sgf
437,verb_qal-p2-impv_m-sg_ָהּ-p3sgf
438,verb_hif-p1-impf_x-sg_וּ-p3sgm
439,verb_piel-p3-perf_x-pl_נִי-p1sgx
440,verb_piel-p3-wayq_m-sg_ָהּ-p3sgf
441,verb_hif-p2-impv_m-pl
442,subs_x-du_כֶם-p2plm
443,verb_qal-p3-perf_m-sg_ֶכָ-p2sgm
444,verb_piel-p3-wayq_m-sg_ֶכָ-p2sgm
445,verb_qal-p3-impf_m-sg_ֵהוּ-p3sgm
446,verb_piel-p3-impf_m-sg_הוּ-p3sgm
447,verb_piel-p3-impf_m-sg_ֵהוּ-p3sgm
448,verb_qal-p3-impf_m-sg_הוּ-p3sgm
449,verb_hif-p3-impf_m-sg_ֵהוּ-p3sgm
450,verb_hif-p3-wayq_m-sg_ֵהוּ-p3sgm
451,verb_qal-p3-perf_m-sg_ָהוּ-p3sgm
452,verb_hif-p3-impf_m-pl_הוּ-p3sgm
453,verb_qal-p2-wayq_m-sg
454,verb_qal-p3-wayq_f-sg
455,verb_piel-p3-wayq_f-sg
456,prep_NA-NA_מוֹ-p3plm
457,verb_qal-x-ptcp_m-pl_c
458,verb_hif-p1-impf_x-sg_הֶם-p3plm
459,subs_m-pl_מוֹ-p3plm
460,verb_qal-x-ptca_m-pl_נוּ-p1plx
461,prep_NA-NA_ָמוֹ-p3plm
462,verb_qal-p3-impf_m-pl_כֶם-p2plm
463,verb_piel-p2-impf_m-pl_מ-p3plm
464,adjv_m-pl_ו-p3sgm
465,verb_pual-p3-perf_x-pl
466,verb_hit-x-infc_x-x_c
467,subs_x-du_ו-p3sgm
468,verb_piel-p2-perf_m-sg_וֹ-p3sgm
469,verb_qal-p2-impf_m-sg_ֵהוּ-p3sgm
470,verb_piel-x-ptca_m-pl_ו-p3sgm
471,verb_pual-x-ptcp_f-sg_c
472,subs_f-pl_מוֹ-p3plm
473,subs_m-sg_ֹה-p3sgm
474,verb_nif-p3-wayq_f-sg
475,verb_hit-p1-impf_x-pl
476,verb_piel-x-ptca_f-pl
477,verb_piel-x-infc_x-x_כֶן-p2plf
478,verb_qal-p2-perf_f-pl
479,verb_hif-p2-perf_f-pl
480,verb_qal-p3-wayq_f-pl
481,verb_piel-p3-wayq_f-pl
482,prep_NA-NA_ָהֶן-p3plf
483,verb_piel-p2-wayq_f-pl
484,verb_piel-x-ptca_f-sg
485,verb_hif-p2-impf_m-pl_הוּ-p3sgm
486,verb_qal-p3-wayq_f-sg_ֵהוּ-p3sgm
487,verb_qal-p3-wayq_f-sg_ָה-p3sgf
488,verb_hit-p3-wayq_f-sg
489,verb_qal-p3-wayq_f-sg_ֶהָ-p3sgf
490,prep_NA-NA_ָכְ-p2sgf
491,verb_qal-p2-impv_f-sg
492,verb_hif-p2-impv_f-sg
493,verb_hif-p2-impv_f-sg_הוּ-p3sgm
494,subs_m-sg_ֵכְ-p2sgf
495,verb_hif-p3-wayq_f-sg_ֵהוּ-p3sgm
496,verb_qal-p1-perf_x-sg_הוּ-p3sgm
497,verb_qal-x-infc_x-x_ֵנִי-p1sgx
498,subs_m-sg_הֶן-p3plf
499,verb_piel-p3-wayq_m-pl_מ-p3plm
500,verb_hif-p3-wayq_m-sg_ָנ-p3plf
501,verb_piel-p2-perf_f-pl
502,inrg_NA-NA_וֹ-p3sgm
503,verb_qal-p2-impv_f-pl
504,verb_nif-p3-wayq_m-pl
505,verb_pasq-x-ptcp_m-sg
506,intj_NA-NA_ֵנִי-p1sgx
507,verb_qal-p1-impf_x-sg_כָ-p2sgm
508,verb_qal-p1-perf_x-sg_כָ-p2sgm
509,verb_hif-p2-impv_m-sg_ֵהוּ-p3sgm
510,verb_hif-p3-wayq_m-sg_ָהּ-p3sgf
511,verb_piel-x-infc_x-x_כָ-p2sgm
512,subs_m-sg_הוּ-p3sgm
513,verb_qal-p3-impf_m-sg_ֵנִי-p1sgx
514,verb_piel-p2-wayq_m-sg
515,verb_hif-p3-wayq_f-sg
516,verb_piel-p3-perf_m-sg_ָהוּ-p3sgm
517,verb_qal-p3-impf_m-sg_ֵנוּ-p1plx
518,verb_piel-p2-impv_m-pl
519,verb_hof-p3-wayq_m-pl
520,verb_hof-x-ptcp_m-pl
521,verb_qal-p2-perf_f-sg
522,verb_piel-p3-impf_m-sg_ֵמ-p3plm
523,verb_nif-p1-wayq_x-sg
524,verb_piel-p1-impf_x-sg_כָּ-p2sgm
525,verb_qal-p3-impf_m-pl_נִי-p1sgx
526,prep_NA-NA_ְכָה-p2sgm
527,verb_nif-p3-impf_f-pl
528,intj_NA-NA_ְנִי-p1sgx
529,verb_qal-p3-impf_m-pl_נוּ-p1plx
530,subs_m-du_כֶם-p2plm
531,verb_nif-p2-wayq_m-sg
532,verb_hit-x-ptca_f-sg_c
533,verb_nif-x-ptca_f-sg
534,verb_hof-p3-wayq_m-sg
535,adjv_m-pl_נוּ-p1plx
536,subs_f-pl_נוּ-p1plx
537,verb_hsht-p3-perf_x-pl
538,verb_qal-p3-impf_m-pl_הוּ-p3sgm
539,verb_hif-x-infc_x-x_ִי-p1sgx
540,verb_qal-p2-impf_m-pl_הוּ-p3sgm
541,verb_nif-x-infa_x-x
542,subs_x-sg_ְכָה-p2sgm
543,verb_nif-p1-impf_x-sg
544,verb_piel-p1-perf_x-pl
545,verb_qal-p2-perf_m-sg_נוּ-p1plx
546,verb_hif-x-infc_x-x_ָנוּ-p1plx
547,verb_qal-p2-impv_m-sg_ֵהוּ-p3sgm
548,verb_nif-x-infc_x-x_ִי-p1sgx
549,verb_piel-p3-wayq_m-sg_ֵהוּ-p3sgm
550,adjv_m-sg_וֹ-p3sgm
551,verb_hif-p1-impf_x-sg_ֵהוּ-p3sgm
552,verb_piel-p1-impf_x-sg_הוּ-p3sgm
553,verb_piel-p3-impf_m-pl_מוּ-p3plm
554,verb_nif-x-ptca_m-sg_c
555,verb_qal-p3-impf_m-sg_ֵמוֹ-p3plm
556,subs_m-du_כָ-p2sgm
557,verb_qal-p3-impf_f-sg_ֵמוֹ-p3plm
558,verb_hif-p3-impf_f-sg_ֵמוֹ-p3plm
559,verb_piel-p3-perf_m-sg_ָמוֹ-p3plm
560,prep_NA-NA_כָה-p2sgm
561,verb_hif-p2-impf_m-sg_ֵמוֹ-p3plm
562,verb_qal-p2-impf_m-sg_ֵמוֹ-p3plm
563,verb_qal-p2-impv_m-pl_הוּ-p3sgm
564,subs_m-sg_ַי-p1sgx
565,verb_hif-p3-wayq_m-sg_ֵנִי-p1sgx
566,verb_qal-p3-perf_f-sg_ַמ-p3plm
567,verb_qal-x-infc_x-x_הוּ-p3sgm
568,verb_hit-p3-impf_m-pl
569,verb_piel-p2-wayq_m-sg_ֶהָ-p3sgf
570,prep_NA-NA_א-p3sgm
571,verb_hif-p3-perf_m-sg_ָהּ-p3sgf
572,subs_m-sg_ה-p3sgm
573,subs_f-sg_ה-p3sgm
574,verb_qal-p2-impf_m-sg_וֹ-p3sgm
575,verb_qal-x-ptca_m-sg_ֲכָ-p2sgm
576,verb_hif-p1-perf_x-sg_ו-p3sgm
577,verb_piel-p2-perf_m-sg_ָמוֹ-p3plm
578,verb_piel-x-ptca_m-sg_וֹ-p3sgm
579,verb_pual-x-ptcp_m-pl
580,prep_NA-NA_ָה-p3sgf
581,subs_m-du_הָ-p3sgf
582,verb_hof-x-ptcp_m-sg
583,verb_hif-x-ptca_f-pl
584,verb_pual-x-ptcp_f-pl
585,verb_pual-x-ptcp_f-pl_c
586,verb_hof-x-ptcp_f-pl_c
587,prep_NA-NA_ָכָה-p2sgm
588,verb_qal-x-ptcp_m-pl_הֶם-p3plm
589,verb_piel-x-ptca_m-sg_כֶם-p2plm
590,verb_piel-x-ptca_m-pl_הָ-p3sgf
591,verb_piel-p1-impf_x-sg_ֵמ-p3plm
592,verb_hif-p1-wayq_x-sg_ֵהוּ-p3sgm
593,verb_qal-p3-perf_m-sg_ֹה-p3sgm
594,verb_qal-x-ptca_m-pl_הֶם-p3plm
595,verb_qal-p2-impv_m-sg_ֵנִי-p1sgx
596,verb_qal-p1-impf_x-sg_וּ-p3sgm
597,verb_piel-p1-impf_x-sg_כָ-p2sgm
598,verb_hif-p2-perf_m-sg_נִי-p1sgx
599,verb_hif-p2-impv_m-sg_ֵנִי-p1sgx
600,verb_qal-p1-impf_x-sg_ֲכָ-p2sgm
601,verb_hif-p2-impf_m-sg_ֵנוּ-p1plx
602,verb_qal-p1-wayq_x-sg_ֲכָ-p2sgm
603,verb_qal-p3-impf_m-sg_ַנִי-p1sgx
604,subs_f-sg_ֵנוּ-p1plx
605,subs_m-pl_הֶן-p3plf
606,verb_pual-p3-impf_m-sg
607,verb_hif-p3-impf_m-sg_ֶהָ-p3sgf
608,subs_x-du_הָ-p3sgf
609,subs_m-sg_ָנ-p3plf
610,prep_NA-NA_ָנָה-p3plf
611,verb_hof-x-ptcp_f-pl
612,verb_nif-x-infc_x-x_c
613,verb_nif-x-infc_x-x_וֹ-p3sgm
614,verb_qal-p2-impv_m-pl_הָ-p3sgf
615,verb_pual-p3-wayq_m-pl
616,subs_m-du_ו-p3sgm
617,subs_m-sg_ָה-p3sgf
618,verb_hif-p3-wayq_m-sg_ֶהָ-p3sgf
619,verb_nif-p3-wayq_f-pl
620,inrg_NA-NA_כָּה-p2sgm
621,verb_qal-p3-impf_m-sg_ְכָ-p2sgm
622,verb_qal-p2-impf_f-sg
623,subs_f-sg_ֵכְ-p2sgf
624,verb_pual-p2-perf_m-sg
625,verb_hit-x-ptca_f-sg
626,verb_qal-x-ptca_m-sg_ִי-p1sgx
627,verb_hif-p2-impv_f-pl
628,verb_piel-p3-impf_m-sg_ֵנוּ-p1plx
629,verb_piel-p2-impf_m-sg_ָה-p3sgf
630,verb_qal-p2-impf_m-sg_ֶהָ-p3sgf
631,verb_qal-x-infc_x-x_ֲכָה-p2sgm
632,verb_hif-p1-impf_x-sg_כָּ-p2sgm
633,verb_qal-p1-impf_x-sg_ְכָ-p2sgm
634,verb_piel-p1-impf_x-sg_ְכָ-p2sgm
635,verb_piel-x-ptca_m-pl_כָ-p2sgm
636,verb_piel-x-ptca_m-sg_כָ-p2sgm
637,verb_hof-p3-wayq_f-sg
638,subs_x-sg_ֵכְ-p2sgf
639,subs_f-du_ִכְ-p2sgf
640,verb_piel-p3-wayq_f-sg_ֶהָ-p3sgf
641,verb_hit-p2-impv_f-sg
642,intj_NA-NA_ָכְ-p2sgf
643,verb_piel-p1-perf_x-sg_הָ-p3sgf
644,verb_piel-p2-impv_f-sg
645,verb_hif-p2-impv_m-sg_ֵמ-p3plm
646,verb_hif-p1-impf_x-pl
647,verb_hif-p3-wayq_m-pl_הוּ-p3sgm
648,verb_hif-p2-wayq_m-sg
649,verb_qal-p3-impf_f-sg_ַנִי-p1sgx
650,verb_qal-x-infc_x-x_ֲכָ-p2sgm
651,subs_m-sg_נוּ-p1plx
652,verb_piel-p1-impf_x-pl
653,verb_hif-p3-wayq_f-pl
654,verb_hif-p1-impf_x-pl_וּ-p3sgm
655,subs_m-sg_כְ-p2sgf
656,verb_piel-p3-wayq_m-sg_ֶהָ-p3sgf
657,verb_piel-x-ptca_m-pl_c
658,subs_m-sg_ְהֶן-p3plf
659,subs_m-sg_ָנָה-p3plf
660,verb_hsht-p1-impf_x-pl
661,intj_NA-NA_ִי-p1sgx
662,verb_hit-p3-perf_x-pl
663,verb_qal-p2-impv_m-sg_ֵנוּ-p1plx
664,verb_qal-p2-impv_m-pl_נִי-p1sgx
665,verb_hif-p1-impf_x-sg_כָ-p2sgm
666,verb_hif-p2-impv_f-sg_נִי-p1sgx
667,verb_hit-x-ptca_m-sg_c
668,verb_hsht-p1-wayq_x-sg
669,verb_piel-p2-impv_m-pl_נִי-p1sgx
670,subs_m-pl_ִכְ-p2sgf
671,verb_piel-p3-perf_x-pl_מ-p3plm
672,verb_piel-p2-wayq_m-pl_נִי-p1sgx
673,verb_qal-p1-perf_x-pl_כָ-p2sgm
674,verb_piel-p1-wayq_x-pl_ֲכָ-p2sgm
675,verb_piel-p3-impf_f-sg_ְכָ-p2sgm
676,verb_piel-p1-impf_x-sg_ְכָה-p2sgm
677,verb_piel-p3-impf_f-sg_ִי-p1sgx
678,verb_qal-p3-impf_m-pl_כָ-p2sgm
679,verb_hsht-p3-impf_m-pl
680,verb_piel-p1-wayq_x-sg_ֵהוּ-p3sgm
681,verb_piel-p2-impv_m-sg_ֵנִי-p1sgx
682,verb_qal-p3-wayq_m-sg_ֵנִי-p1sgx
683,prep_NA-NA_ֵכְ-p2sgf
684,verb_qal-p3-perf_m-sg_ַנִּי-p1sgx
685,verb_qal-x-infc_x-x_ֵכְ-p2sgf
686,verb_piel-p3-wayq_m-sg_ֵנִי-p1sgx
687,verb_qal-x-infc_x-x_ָנ-p3plf
688,verb_piel-x-infc_x-x_ֵנָּה-p3plf
689,subs_m-sg_כֶן-p2plf
690,verb_qal-p3-perf_m-sg_ָנוּ-p1plx
691,verb_qal-x-ptcp_f-pl_c
692,verb_piel-p1-wayq_x-sg_ֲכָ-p2sgm
693,verb_piel-p1-impf_x-sg_ָה-p3sgf
694,verb_nif-p1-impf_x-pl
695,verb_piel-p1-impf_x-sg_ֲכָ-p2sgm
696,verb_hsht-p3-wayq_f-pl
697,verb_qal-p2-wayq_m-sg_ֵנִי-p1sgx
698,verb_hof-p3-perf_f-sg
699,verb_hit-p1-impf_x-sg
700,subs_m-sg_ה-p3sgf
701,subs_m-pl_הֶּם-p3plm
702,verb_hif-x-infc_x-x_ֵנִי-p1sgx
703,verb_hif-p3-perf_x-pl_נִי-p1sgx
704,verb_hif-x-infc_x-x_ָהּ-p3sgf
705,verb_hsht-x-ptca_m-pl
706,verb_hsht-x-infc_x-x
707,verb_qal-p1-impf_x-pl_ֵהוּ-p3sgm
708,verb_hif-p1-impf_x-pl_ֵהוּ-p3sgm
709,verb_qal-p3-perf_f-sg_הוּ-p3sgm
710,verb_qal-p3-wayq_m-pl_הוּ-p3sgm
711,verb_qal-p1-impf_x-pl_וּ-p3sgm
712,prep_NA-NA_ִכְ-p2sgf
713,verb_hif-p2-impv_m-pl_הָ-p3sgf
714,verb_hof-x-ptcp_f-sg
715,verb_qal-x-infc_x-x_ָה-p3sgf
716,verb_hif-p3-perf_x-pl_הוּ-p3sgm
717,intj_NA-NA_ָמ-p3plm
718,verb_pual-x-infa_x-x
719,verb_pual-p1-perf_x-sg
720,verb_hof-x-infc_x-x
721,adjv_f-pl_c
722,adjv_m-pl_הָ-p3sgf
723,verb_piel-p1-wayq_x-pl
724,subs_m-sg_ֶנָה-p3plf
725,verb_hit-x-infc_x-x_וֹ-p3sgm
726,verb_hit-p1-perf_x-pl
727,verb_hof-p3-perf_x-pl
728,intj_NA-NA_וּ-p1plx
729,verb_hif-p2-impv_m-pl_הוּ-p3sgm
730,verb_hif-p1-impf_x-sg_ְכָ-p2sgm
731,verb_qal-p2-impf_m-sg_ֵנִי-p1sgx
732,verb_qal-p1-wayq_x-sg_ֶהָ-p3sgf
733,verb_qal-p2-impv_m-sg_ֶמ-p3plm
734,verb_piel-p3-wayq_m-pl_הוּ-p3sgm
735,verb_piel-p3-impf_m-sg_כָּ-p2sgm
736,verb_piel-p3-perf_m-sg_ָמ-p3plm
737,verb_hof-p3-impf_f-sg
738,verb_pual-p3-impf_f-sg
739,verb_hif-p3-impf_f-pl
740,subs_m-sg_ֶהָ-p3sgf
741,verb_hotp-x-infc_x-x
742,subs_f-sg_ָנ-p3plf
743,verb_qal-x-ptca_m-pl_הָ-p3sgf
744,verb_piel-x-infc_x-x_ֲכֶם-p2plm
745,verb_hof-x-infa_x-x
746,subs_m-du_c
747,verb_piel-x-ptca_m-sg_ָמ-p3plm
748,verb_piel-p3-impf_m-pl_הוּ-p3sgm
749,verb_hif-x-infc_x-x_ֲכֶם-p2plm
750,verb_piel-p3-impf_m-sg_ָה-p3sgf
751,verb_qal-x-ptca_m-sg_ֵהוּ-p3sgm
752,verb_qal-x-ptcp_m-pl_ו-p3sgm
753,verb_hotp-p3-perf_x-pl
754,subs_x-sg_ֵהוּ-p3sgm
755,verb_nif-p2-impv_f-sg
756,verb_nif-p2-perf_f-sg
757,verb_qal-x-infc_x-x_ֹה-p3sgm
758,verb_hit-x-ptca_m-pl
759,verb_piel-x-ptca_m-sg_c
760,verb_qal-p2-impv_m-sg_ֵמ-p3plm
761,verb_piel-p3-impf_m-pl_נִי-p1sgx
762,verb_qal-x-ptcp_m-pl_כֶם-p2plm
763,verb_hit-x-infa_x-x
764,verb_hif-p2-perf_m-sg_ָנוּ-p1plx
765,verb_qal-p3-perf_m-sg_ָנִי-p1sgx
766,verb_piel-p3-impf_m-pl_כָ-p2sgm
767,verb_hif-p2-perf_m-pl_נוּ-p1plx
768,verb_qal-p3-perf_f-sg_נוּ-p1plx
769,verb_hit-p3-impf_f-sg
770,verb_qal-p1-wayq_x-pl_ָמ-p3plm
771,verb_hit-p2-perf_f-sg
772,verb_qal-p1-perf_x-sg_כְ-p2sgf
773,verb_qal-p3-wayq_f-sg_ַנִי-p1sgx
774,verb_hif-p3-impf_m-sg_ֵנִי-p1sgx
775,verb_qal-p2-impv_m-sg_וֹ-p3sgm
776,intj_NA-NA_וֹ-p3sgm
777,verb_hif-p1-impf_x-sg_ָה-p3sgf
778,verb_hif-x-ptca_m-sg_וֹ-p3sgm
779,verb_qal-p3-impf_f-sg_כָּ-p2sgm
780,adjv_m-pl_הֶם-p3plm
781,verb_hif-p1-perf_x-pl_מ-p3plm
782,verb_qal-p3-wayq_m-pl_הָ-p3sgf
783,verb_qal-p3-perf_m-sg_ָה-p3sgf
784,subs_f-sg_ְכֶן-p2plf
785,verb_qal-p2-impf_f-pl
786,verb_hif-x-ptca_m-sg_ָהּ-p3sgf
787,verb_hit-p3-impf_f-pl
788,verb_qal-x-infc_x-x_ַמ-p3plm
789,subs_f-pl_הֶנָה-p3plf
790,verb_piel-p3-impf_f-pl
791,subs_f-du_הֶן-p3plf
792,verb_hif-p3-wayq_f-sg_ֵנִי-p1sgx
793,verb_qal-p3-wayq_f-sg_ֵנִי-p1sgx
794,verb_qal-p3-perf_f-sg_נִי-p1sgx
795,subs_f-pl_ִכְ-p2sgf
796,verb_piel-p2-perf_f-sg
797,subs_f-pl_כְ-p2sgf
798,verb_qal-p1-impf_x-sg_ֵכְ-p2sgf
799,verb_piel-p3-perf_x-pl_כְ-p2sgf
800,verb_nif-x-infc_x-x_כֶם-p2plm
801,verb_piel-p3-perf_x-pl_ה-p3sgm
802,verb_qal-x-ptcp_m-sg_ִי-p1sgx
803,verb_piel-p3-perf_x-pl_הָ-p3sgf
804,verb_hsht-p2-impf_m-pl
805,subs_f-sg_כם-p2plm
806,subs_x-sg_ֲכֶם-p2plm
807,verb_hif-p1-perf_x-sg_מ-p3plm
808,verb_hif-p3-perf_m-sg_ָנִי-p1sgx
809,verb_hif-p1-perf_x-sg_הוּ-p3sgm
810,verb_hit-x-ptca_f-pl
811,verb_piel-p2-impf_f-pl
812,prep_NA-NA_ָכֶנָה-p2plf
813,subs_f-pl_כֶנָה-p2plf
814,subs_x-sg_כֶן-p2plf
815,verb_piel-p3-perf_f-sg_ָה-p3sgf
816,verb_pual-p2-perf_f-sg
817,verb_hof-p2-perf_f-sg
818,verb_hof-p2-wayq_f-sg
819,verb_qal-p1-wayq_x-sg_ֵכְ-p2sgf
820,verb_qal-p2-wayq_f-sg
821,verb_hif-p1-wayq_x-sg_ֵכְ-p2sgf
822,verb_piel-p1-impf_x-sg_ֵכְ-p2sgf
823,subs_x-du_ִכְ-p2sgf
824,verb_piel-p2-wayq_f-sg_מ-p3plm
825,verb_hif-p1-perf_x-sg_כְ-p2sgf
826,verb_qal-p2-perf_f-sg_הוּ-p3sgm
827,verb_qal-p2-wayq_f-sg_מ-p3plm
828,subs_f-pl_כ-p2sgf
829,verb_piel-p2-wayq_f-sg
830,verb_hif-p2-wayq_f-sg
831,verb_qal-x-ptca_f-pl_ִכְ-p2sgf
832,verb_qal-x-infc_x-x_ִכְ-p2sgf
833,verb_piel-x-ptca_m-pl_ִכְ-p2sgf
834,verb_qal-x-ptca_f-pl_c
835,verb_hif-p3-perf_x-pl_כְ-p2sgf
836,subs_f-sg_ָה-p3sgf
837,subs_f-pl_הֶן-p3plf
838,prep_NA-NA_הֵן-p3plf
839,verb_hif-p2-perf_f-sg
840,verb_piel-x-infc_x-x_ֵכְ-p2sgf
841,subs_f-pl_ֵכְ-p2sgf
842,subs_f-sg_ְהֶן-p3plf
843,subs_m-sg_ָהְנָה-p3plf
844,prep_NA-NA_ָנ-p3plf
845,subs_f-sg_כֶן-p2plf
846,verb_qal-p2-perf_f-sg_מ-p3plm
847,verb_hif-x-infc_x-x_כֶם-p2plm
848,verb_nif-p2-impf_f-sg
849,verb_piel-p1-perf_x-sg_כְ-p2sgf
850,verb_hof-p2-impf_m-pl
851,subs_m-du_הֶן-p3plf
852,subs_m-pl_ָנ-p3plf
853,subs_m-du_הֶם-p3plm
854,subs_m-du_ִכְ-p2sgf
855,verb_qal-p3-perf_x-pl_כְ-p2sgf
856,verb_qal-x-ptca_m-sg_ָכְ-p2sgf
857,verb_piel-p2-impf_f-sg
858,subs_x-du_הֶן-p3plf
859,prep_NA-NA_ְהֶם-p3plm
860,prep_NA-NA_ְהֶן-p3plf
861,verb_nit-p3-perf_x-pl
862,subs_f-sg_כֶנָה-p2plf
863,prep_NA-NA_כֶן-p2plf
864,subs_m-pl_כֶן-p2plf
865,verb_hif-p2-impv_m-sg_ָהּ-p3sgf
866,verb_hif-p2-impv_m-sg_ֶהָ-p3sgf
867,verb_piel-p3-impf_m-sg_ֵכְ-p2sgf
868,verb_pual-p2-impf_f-sg
869,verb_qal-x-ptca_m-pl_ִכְ-p2sgf
870,adjv_m-pl_ִכְ-p2sgf
871,verb_qal-x-ptca_f-sg_ֵכְ-p2sgf
872,verb_nif-p2-wayq_f-sg
873,verb_qal-p3-perf_m-sg_ֵכְ-p2sgf
874,subs_m-sg_ֵכ-p2sgf
875,verb_nif-x-infc_x-x_ֲכָ-p2sgm
876,verb_piel-p1-wayq_x-sg_כָ-p2sgm
877,verb_qal-p3-perf_f-sg_כָ-p2sgm
878,verb_qal-p1-wayq_x-sg_כָ-p2sgm
879,verb_qal-p1-perf_x-sg_נִי-p1sgx
880,verb_piel-p3-perf_x-pl_הוּ-p3sgm
881,verb_piel-p3-perf_f-sg_הוּ-p3sgm
882,verb_qal-p1-impf_x-sg_ֵהוּ-p3sgm
883,verb_piel-p1-perf_x-sg_הוּ-p3sgm
884,verb_hif-p1-impf_x-sg_ֶכָ-p2sgm
885,verb_qal-p3-impf_f-sg_ֶכָ-p2sgm
886,verb_hof-p2-impv_m-sg
887,verb_pual-x-ptcp_m-pl_c
888,subs_f-sg_ו-p1sgx
889,verb_hif-p3-impf_f-sg_וּ-p3sgm
890,verb_qal-p1-perf_x-pl_הָ-p3sgf
891,verb_qal-p1-impf_x-sg_ֶכָ-p2sgm
892,subs_m-sg_ָא-p3sgf
893,verb_piel-x-ptca_f-sg_c
894,subs_m-pl_כ-p2sgf
895,verb_hif-p2-impf_f-sg
896,verb_piel-p3-perf_m-sg_ָנִי-p1sgx
897,verb_qal-p1-wayq_x-sg_ֵמ-p3plm
898,verb_hif-x-infc_x-x_ְכָה-p2sgm
899,subs_m-pl_הֵמָה-p3plm
900,verb_qal-x-ptca_f-pl_ו-p3sgm
901,subs_m-pl_הא-p3sgf
902,subs_f-pl_הוּ-p3sgm
903,verb_piel-x-infc_x-x_ֵנִי-p1sgx
904,verb_piel-p2-perf_m-sg_הוּ-p3sgm
905,verb_hif-p3-impf_m-pl_מ-p3plm
906,verb_qal-p3-impf_m-pl_הו-p3sgm
907,verb_hsht-p3-perf_m-sg
908,adjv_m-sg_ִי-p1sgx
909,verb_hif-p3-impf_m-sg_ַנ-p3plf
910,verb_piel-p2-impv_m-sg_הוּ-p3sgm
911,subs_x-du_הוּ-p3sgm
912,subs_m-pl_ה-p3sgf
913,verb_hif-p1-perf_x-sg_הָ-p3sgf
914,verb_nif-x-infc_x-x_ָהּ-p3sgf
915,verb_qal-x-ptca_f-sg_ָמ-p3plm
916,verb_piel-p3-perf_f-sg_ַמ-p3plm
917,verb_piel-x-ptca_m-sg_הָ-p3sgf
918,verb_qal-p3-impf_m-sg_ֵמ-p3plm
919,verb_piel-p3-impf_m-pl_ְנִי-p1sgx
920,verb_qal-p3-impf_m-sg_וֹ-p3sgm
921,verb_piel-p3-impf_f-sg_ֵמ-p3plm
922,verb_piel-p2-impv_m-pl_נוּ-p1plx
923,verb_hif-p3-impf_f-sg_ֵמ-p3plm
924,subs_m-pl_מ-p3plm
925,verb_qal-p1-wayq_x-sg_ֵהוּ-p3sgm
926,verb_tif-p1-perf_x-sg
927,verb_poel-p3-impf_m-sg
928,verb_hif-p3-impf_m-sg_כָ-p2sgm
929,verb_pual-p3-impf_m-pl
930,adjv_f-pl_ו-p3sgm
931,verb_qal-p1-impf_x-sg_כָּ-p2sgm
932,verb_hif-p3-wayq_m-pl_הָ-p3sgf
933,prep_NA-NA_כי-p2sgf
934,subs_m-pl_כי-p2sgf
935,subs_m-sg_כי-p2sgf
936,prde_x-sg
937,verb_hsht-p3-wayq_f-sg
938,verb_hsht-p1-perf_x-sg
939,verb_hsht-x-infc_x-x_ִי-p1sgx
940,verb_hif-p3-perf_m-sg_ה-p3sgm
941,verb_hif-p3-impf_m-sg_ֵכְ-p2sgf
942,verb_hif-p1-impf_x-sg_ֵכְ-p2sgf
943,verb_qal-p1-wayq_x-pl_ֵהוּ-p3sgm
944,intj_NA-NA_ְכָה-p2sgm
945,verb_piel-p3-impf_m-pl_נוּ-p1plx
946,verb_hif-p3-impf_m-pl_נוּ-p1plx
947,verb_qal-p1-impf_x-pl_ֵמ-p3plm
948,verb_qal-x-infc_x-x_מ-p3plm
949,adjv_f-pl_הֶם-p3plm
950,verb_qal-p2-impv_m-pl_הו-p3sgf
951,verb_qal-p3-wayq_m-sg_ָה-p3sgf
952,verb_pual-x-ptcp_m-pl_ו-p3sgm
953,verb_qal-p2-impv_m-pl_מ-p3plm
954,verb_hif-p2-impv_m-pl_מ-p3plm
955,adjv_f-pl_הָ-p3sgf
956,subs_f-sg_הם-p3plm
957,subs_f-du_הם-p3plm
958,verb_hif-p2-impv_m-sg_ֵנוּ-p1plx
959,verb_qal-x-ptca_m-pl_הֶן-p3plf
960,verb_hit-x-infc_x-x_כָ-p2sgm
961,adjv_m-sg_כָ-p2sgm
962,verb_hsht-x-ptca_m-sg
963,verb_qal-x-ptca_m-sg_ו-p3sgf
964,verb_qal-p3-impf_m-pl_ה-p3sgm
965,verb_piel-p1-impf_x-sg_ֵהוּ-p3sgm
966,subs_m-sg_כ-p2sgm
967,verb_hif-x-ptca_m-sg_ְכֶם-p2plm
968,subs_m-sg_ְכֶן-p2plf
969,verb_hif-p1-impf_x-sg_כָּה-p2sgm
970,intj_NA-NA_ְנוּ-p1plx
971,verb_qal-x-infc_x-x_כ-p2sgm
972,verb_nif-x-ptca_f-pl_c
973,verb_hif-p2-perf_m-sg_ַנִי-p1sgx
974,subs_f-du_ו-p1sgx
975,verb_qal-p3-perf_m-sg_ני-p1sgx
976,verb_hif-p3-impf_f-sg_ֵנִי-p1sgx
977,verb_piel-p2-impf_m-sg_ֵנִי-p1sgx
978,verb_hif-p3-wayq_m-sg_וֹ-p3sgm
979,verb_hif-p2-perf_f-sg_וֹ-p3sgm
980,verb_nif-x-ptca_m-sg_וֹ-p3sgm
981,subs_m-sg_ו-p2sgm
982,verb_hif-p2-impv_m-pl_ה-p3sgf
983,verb_hif-p1-impf_x-sg_כ-p2sgm
984,verb_hsht-p3-impf_m-sg
985,subs_f-sg_י-p1sgx
986,prep_NA-NA_י-p1plx
987,subs_f-sg_מ-p3plm
988,verb_piel-x-ptca_m-sg_ִי-p1sgx
989,verb_hif-x-ptca_m-sg_ִי-p1sgx
990,verb_piel-p3-impf_m-sg_ֵנִי-p1sgx
991,subs_x-sg_ו-p1sgx
992,subs_m-sg_ֵנִי-p1sgx
993,verb_piel-p2-wayq_m-sg_ֵנִי-p1sgx
994,subs_m-sg_ָהַם-p3plm
995,prep_NA-NA_ָהֵם-p3plm
996,verb_pual-p2-impf_m-pl
997,verb_qal-p2-impf_m-pl_נִי-p1sgx
998,prep_NA-NA_כם-p2plm
999,verb_piel-x-ptca_f-pl_c
1000,subs_f-sg_הֵן-p3plf
1001,verb_hof-p2-perf_m-pl
1002,verb_hif-p1-impf_x-pl_ָה-p3sgf
1003,verb_qal-x-infc_x-x_ו-p3sgm
1004,subs_m-pl_הם-p3plm
1005,verb_poel-p1-perf_x-sg
1006,verb_hif-x-ptca_m-pl_ו-p3sgm
1007,verb_hif-p3-impf_m-sg_כָּה-p2sgm
1008,verb_nif-x-ptca_m-pl_c
1009,verb_hit-p3-perf_x-pl_מ-p3plm
1010,verb_hof-p2-impf_m-sg
1011,verb_hif-x-ptca_m-sg_ֵכְ-p2sgf
1012,verb_piel-p1-impf_x-sg_ֶכְ-p2sgf
1013,inrg_NA-NA_ָמ-p3plm
1014,verb_piel-p3-perf_f-sg_נִי-p1sgx
1015,subs_m-sg_ָכְ-p2sgf
1016,verb_nif-x-ptca_m-pl_ִכְ-p2sgf
1017,verb_piel-p2-wayq_m-pl
1018,verb_qal-x-ptca_m-sg_הָ-p3sgf
1019,verb_qal-x-ptca_m-sg_ָהּ-p3sgf
1020,verb_hif-p3-impf_m-pl_הָ-p3sgf
1021,verb_qal-x-ptca_m-pl_ה-p3sgf
1022,verb_hit-p3-perf_f-sg
1023,verb_hif-p3-impf_m-sg_ָהּ-p3sgf
1024,verb_qal-p3-impf_f-sg_ָה-p3sgf
1025,verb_piel-p1-perf_x-pl_כָ-p2sgm
1026,verb_qal-p3-perf_x-pl_נוּ-p1plx
1027,verb_hif-p2-wayq_m-sg_ֵמ-p3plm
1028,subs_f-sg_כ-p2sgm
1029,verb_qal-x-ptcp_m-pl_הָ-p3sgf
1030,verb_nif-x-ptca_m-pl_ו-p3sgm
1031,verb_qal-x-ptca_m-sg_ֵנוּ-p1plx
1032,verb_qal-p3-perf_m-sg_ָכְ-p2sgm
1033,prep_NA-NA_ה-p3plm
1034,verb_qal-p3-impf_f-sg_כֶם-p2plm
1035,verb_piel-x-ptca_m-sg_ֵנוּ-p1plx
1036,verb_piel-p3-perf_m-sg_ָנ-p3plf
1037,verb_hif-p3-impf_m-sg_ֲכֶם-p2plm
1038,verb_hif-p3-impf_f-sg_כָּ-p2sgm
1039,verb_poel-p3-perf_m-sg
1040,verb_piel-p2-impf_m-pl_נִי-p1sgx
1041,verb_qal-x-ptca_m-sg_ֵכְ-p2sgf
1042,verb_hif-p2-impv_m-pl_נוּ-p1plx
1043,verb_qal-x-ptca_m-sg_הֶם-p3plm
1044,verb_piel-p3-wayq_f-sg_ֵהוּ-p3sgm
1045,verb_hif-x-ptca_m-sg_ֶכָ-p2sgm
1046,verb_qal-x-ptca_m-sg_כֶם-p2plm
1047,adjv_m-sg_ְכֶם-p2plm
1048,verb_qal-p2-impf_m-pl_הָ-p3sgf
1049,verb_piel-p3-impf_f-sg_ֵנִי-p1sgx
1050,verb_hif-x-ptca_m-pl_כָ-p2sgm
1051,verb_nif-p2-impf_m-sg_ֵנִי-p1sgx
1052,prep_NA-NA_י-p1sgx
1053,verb_hif-p2-impf_m-pl_נִי-p1sgx
1054,verb_qal-x-ptca_m-sg_ָנִי-p1sgx
1055,verb_piel-p3-perf_f-sg_ֶכְ-p2sgf
1056,verb_hif-p3-impf_m-pl_כְ-p2sgf
1057,verb_qal-p1-perf_x-sg_נ-p3plf
1058,verb_pual-x-ptcp_m-sg_ִי-p1sgx
1059,verb_qal-p3-wayq_m-sg_כָּ-p2sgm
1060,verb_hif-x-ptca_m-pl_ִכְ-p2sgf
1061,verb_piel-p2-impf_f-sg_מ-p3plm
1062,subs_m-pl_כְ-p2sgf
1063,verb_pual-p2-perf_m-pl
1064,verb_piel-p3-impf_f-sg_כֶם-p2plm
1065,verb_htpo-x-ptca_m-sg
1066,verb_qal-p1-perf_x-pl_הוּ-p3sgm
1067,verb_hof-x-ptcp_m-sg_c
1068,verb_qal-p3-perf_m-sg_ָכְ-p2sgf
1069,verb_piel-x-ptca_m-sg_ֵכְ-p2sgf
1070,verb_hit-p2-impf_f-sg
1071,verb_hif-p3-impf_m-sg_ַנִי-p1sgx
1072,verb_hif-p3-impf_f-sg_ֵנוּ-p1plx
1073,verb_qal-p1-perf_x-pl_מ-p3plm
1074,verb_piel-p3-impf_f-sg_ֵכְ-p2sgf
1075,verb_piel-p3-impf_m-pl_ֶכְ-p2sgf
1076,verb_piel-p3-perf_m-sg_ָכְ-p2sgf
1077,verb_qal-p3-impf_m-pl_כְ-p2sgf
1078,subs_m-pl_ו-p1sgx
1079,verb_hif-x-ptca_m-sg_ֵמ-p3plm
1080,verb_hif-p3-impf_m-sg_ָנוּ-p1plx
1081,verb_qal-p2-wayq_m-sg_ֵנוּ-p1plx
1082,verb_piel-p3-perf_x-pl_כָ-p2sgm
1083,verb_piel-p2-impf_m-sg_ֵנוּ-p1plx
1084,verb_hif-p2-impf_m-sg_ֵהוּ-p3sgm
1085,verb_piel-x-ptca_m-pl_כֶם-p2plm
1086,verb_piel-p3-impf_f-sg_וּ-p3sgm
1087,verb_piel-p1-impf_x-sg_כֶם-p2plm
1088,verb_piel-p2-impf_m-sg_ֵהוּ-p3sgm
1089,verb_hif-p3-wayq_m-sg_יני-p1sgx
1090,subs_f-pl_ה-p3sgf
1091,verb_piel-p1-impf_x-sg_ֶכָ-p2sgm
1092,verb_qal-p1-impf_x-pl_כָּ-p2sgm
1093,subs_m-sg_ד-p3sgm
1094,subs_m-pl_הוּ-p3sgm
1095,subs_f-sg_ו-p3sgm
1096,verb_qal-p3-impf_m-sg_כָּה-p2sgm
1097,verb_qal-p3-impf_m-sg_ֲכָ-p2sgm
1098,verb_qal-p3-impf_m-sg_כָה-p2sgm
1099,subs_m-du_נוּ-p1plx
1100,verb_hif-p2-impv_m-sg_נִי-p1sgx
1101,verb_hof-p1-perf_x-sg
1102,verb_hif-p3-impf_f-sg_ָה-p3sgf
1103,verb_qal-p3-perf_f-sg_וּ-p3sgm
1104,verb_piel-p1-impf_x-pl_וּ-p3sgm
1105,subs_m-pl_כם-p2plm
1106,verb_hif-p3-wayq_m-sg_ה-p3sgm
1107,verb_qal-p3-wayq_m-pl_נִי-p1sgx
1108,verb_hif-p1-impf_x-pl_ֵמ-p3plm
1109,verb_qal-p2-perf_m-sg_ָנוּ-p1plx
1110,verb_qal-x-infc_x-x_ֳכָ-p2sgm
1111,verb_qal-p3-wayq_m-sg_כָ-p2sgm
1112,verb_hsht-p1-impf_x-sg
1113,verb_qal-p2-impv_m-sg_וּ-p3sgm
1114,verb_piel-p3-perf_f-sg_וּ-p3sgm
1115,verb_qal-p3-wayq_m-sg_ו-p3sgm
1116,verb_piel-p2-perf_f-sg_נִי-p1sgx
1117,verb_piel-p2-impv_f-sg_נִי-p1sgx
1118,verb_piel-p3-perf_m-sg_ֲכָ-p2sgm
1119,verb_nif-x-ptca_f-sg_c
1120,verb_poal-p1-perf_x-sg
1121,verb_qal-p2-impv_m-sg_ָה-p3sgf
1122,verb_piel-p3-wayq_m-sg_וֹ-p3sgm
1123,verb_hif-p3-impf_m-pl_נִי-p1sgx
1124,verb_qal-x-ptca_m-sg_כ-p2sgm
1125,verb_hof-p1-perf_x-pl
1126,verb_qal-p2-perf_f-sg_נִי-p1sgx
1127,verb_qal-p3-impf_m-sg_ֵכְ-p2sgf
1128,verb_qal-p1-impf_x-sg_כ-p2sgm
1129,verb_hif-p3-impf_f-pl_כְ-p2sgf
1130,subs_f-sg_ו-p3sgf
1131,verb_qal-p3-impf_m-pl_ְהָ-p3sgf
1132,subs_m-sg_כ-p2sgf
1133,verb_qal-p2-perf_m-sg_ני-p1plx
1134,verb_piel-p3-impf_f-sg_ֵנוּ-p1plx
1135,verb_pual-p1-perf_x-pl
1136,verb_qal-p3-impf_m-pl_ְהוּ-p3sgm
1137,adjv_m-sg_ָמ-p3plm
1138,verb_hif-p3-perf_f-sg_נוּ-p1plx
1139,verb_qal-p3-impf_m-pl_כָה-p2sgm
1140,verb_qal-x-infc_x-x_ָנָה-p3plf
1141,verb_hif-p3-perf_f-sg_נִי-p1sgx
1142,verb_qal-x-ptca_m-sg_ָמ-p3plm
1143,verb_piel-p2-impv_f-pl
1144,verb_piel-p3-impf_m-pl_מ-p3plm
1145,verb_peal-p2-impf_m-pl
1146,prep_NA-NA_ְהוֹם-p3plm
1147,verb_peal-p3-perf_m-pl
1148,verb_peal-p3-impf_m-pl
1149,subs_f-sg_ֵכִי-p2sgf
1150,verb_poal-p3-perf_x-pl
1151,verb_hif-p3-wayq_m-pl_כָ-p2sgm
1152,verb_tif-p2-impf_m-sg
1153,adjv_m-pl_הם-p3plm
1154,verb_piel-x-ptca_m-pl_נִי-p1sgx
1155,verb_piel-p1-perf_x-sg_כ-p2sgm
1156,prep_NA-NA_ה-p3sgm
1157,verb_hof-x-ptcp_m-pl_c
1158,subs_m-sg_ָהֿ-p3sgf
1159,verb_nif-x-ptca_f-pl_ו-p3sgm
1160,subs_m-pl_הם-p2plm
1161,verb_tif-x-ptca_m-sg
1162,verb_hif-p2-wayq_m-pl_מ-p3plm
1163,subs_m-sg_י-p3sgm
1164,verb_hif-x-infc_x-x_וני-p1sgx
1165,verb_htpo-p3-perf_x-pl
1166,verb_tif-p1-perf_x-sg_כֶם-p2plm
1167,verb_piel-x-ptca_m-sg_ֲכָ-p2sgm
1168,subs_m-sg_כָה-p2sgm
1169,verb_hif-p1-impf_x-pl_ֶכָ-p2sgm
1170,verb_hif-x-infc_x-x_ֵהוּ-p3sgm
1171,subs_m-sg_וּ-p1plx
1172,verb_hif-x-infc_x-x_ָה-p3sgf
1173,verb_htpo-p3-impf_m-pl
1174,adjv_m-pl_ה-p3sgf
1175,verb_hit-p2-impv_f-pl
1176,verb_hof-p2-impv_m-pl
1177,verb_hif-p3-impf_m-sg_ִי-p1sgx
1178,verb_qal-p3-perf_f-sg_ָה-p3sgf
1179,prep_NA-NA_הם-p2plm
1180,verb_qal-x-ptca_f-sg_ְכֶם-p2plm
1181,verb_hif-p3-perf_f-sg_הוּ-p3sgm
1182,verb_hif-p1-impf_x-sg_מ-p3plm
1183,verb_qal-p3-perf_m-sg_נו-p1sgx
1184,verb_hif-p3-perf_m-sg_נו-p1sgx
1185,verb_hif-p2-impv_m-pl_נִי-p1sgx
1186,verb_hif-p2-wayq_m-sg_ֵנִי-p1sgx
1187,verb_piel-p2-perf_m-sg_נוּ-p1plx
1188,verb_qal-p2-impf_m-sg_ֵנוּ-p1plx
1189,verb_qal-p3-wayq_f-sg_וֹ-p3sgm
1190,verb_hif-p2-impf_m-pl_מ-p3plm
1191,verb_hif-p3-perf_f-sg_ַמ-p3plm
1192,verb_hif-p3-wayq_f-sg_ֵמ-p3plm
1193,verb_hif-p2-perf_f-sg_ֵנוּ-p1plx
1194,verb_piel-p3-wayq_f-sg_ֵמ-p3plm
1195,verb_qal-x-infc_x-x_נו-p3plm
1196,verb_qal-x-infc_x-x_כם-p2plm
1197,subs_f-sg_ֹה-p3sgm
1198,verb_qal-p3-wayq_m-sg_ֵנוּ-p1plx
1199,verb_hit-x-infc_x-x_ָמ-p3plm
1200,verb_hif-p2-perf_f-sg_נִי-p1sgx
1201,verb_qal-p1-wayq_x-sg_ָה-p3sgf
1202,verb_qal-p1-impf_x-pl_כָ-p2sgm
1203,prep_NA-NA_ה-p1sgx
1204,verb_hif-p2-impv_m-sg_ני-p1sgx
1205,verb_hif-x-infc_x-x_ו-p3sgf
1206,subs_f-sg_ֵהוּ-p3sgm
1207,verb_piel-p3-wayq_m-pl_הָ-p3sgf
1208,verb_piel-p1-wayq_x-sg_ֶהָ-p3sgf
1209,verb_qal-p2-impv_m-pl_נוּ-p1plx
1210,subs_m-sg_ָכְ-p2sgm
1211,verb_hif-p3-perf_m-sg_ֵכְ-p2sgf
1212,verb_qal-x-ptca_f-sg_ִי-p1sgx
1213,verb_piel-p3-impf_f-sg_ֶהָ-p3sgf
1214,subs_m-sg_ֵכֵה-p2sgf
1215,verb_qal-x-ptca_m-sg_ִכְ-p2sgf
1216,verb_nif-x-ptca_m-pl_הָ-p3sgf
1217,subs_m-pl_ִכ-p2sgf
1218,verb_qal-p3-impf_f-sg_ֵכְ-p2sgf
1219,verb_hif-p3-impf_f-sg_ֵכְ-p2sgf
1220,prep_NA-NA_ָהֿ-p3sgf
1221,verb_hit-p3-wayq_f-pl
1222,verb_qal-p2-perf_m-pl_נִי-p1sgx
1223,verb_piel-p3-impf_m-pl_הָ-p3sgf
1224,verb_peal-p2-impv_m-sg
1225,subs_m-pl_כ-p2sgm
1226,verb_pael-p1-impf_x-pl
1227,verb_peal-x-ptca_m-sg
1228,verb_haf-p2-impf_m-pl_ַנִי-p1sgx
1229,subs_m-sg_ֵהּ-p3sgf
1230,verb_htpe-p2-impf_m-pl
1231,subs_m-pl_כוֹן-p2plm
1232,verb_htpe-p3-impf_m-pl
1233,verb_haf-p2-impf_m-pl
1234,verb_pael-p2-impf_m-pl
1235,verb_haf-p2-impv_m-pl_נִי-p1sgx
1236,verb_peal-x-ptca_m-pl
1237,verb_peal-p3-impf_m-sg
1238,subs_m-pl_הִי-p3sgm
1239,verb_haf-p1-impf_x-pl
1240,verb_peal-p2-perf_m-pl
1241,subs_f-sg_ְכוֹן-p2plm
1242,verb_peal-x-ptcp_f-sg
1243,verb_htpe-p2-perf_m-pl
1244,verb_peal-x-infc_x-x
1245,verb_etpa-p3-impf_m-sg
1246,verb_peal-p2-impv_m-pl
1247,verb_peal-p1-impf_x-sg
1248,verb_haf-x-infc_x-x
1249,verb_peal-p3-perf_m-sg
1250,verb_pael-p3-impf_m-sg_ַהּ-p3sgm
1251,subs_m-sg_הוֹן-p3plm
1252,subs_x-sg_הִי-p3sgm
1253,verb_peal-p3-perf_f-sg
1254,verb_htpa-x-ptca_m-pl
1255,verb_htpe-x-infc_x-x
1256,verb_haf-p3-perf_m-sg
1257,verb_pael-x-infc_x-x
1258,verb_haf-x-ptca_f-sg
1259,prep_NA-NA_ֵהּ-p3sgf
1260,verb_haf-p3-impf_m-pl
1261,verb_peil-p3-perf_m-sg
1262,verb_pael-p3-perf_m-sg
1263,verb_pael-x-ptcp_m-sg
1264,verb_haf-x-ptca_m-sg
1265,verb_peal-x-ptca_m-pl_c
1266,verb_pael-x-ptcp_f-pl
1267,verb_peal-x-ptcp_m-sg
1268,subs_m-pl_ִי-p1sgx
1269,verb_pael-x-ptca_m-sg
1270,verb_peal-p2-perf_m-sg
1271,verb_haf-p2-perf_m-sg_נִי-p1sgx
1272,verb_peal-p1-perf_x-pl
1273,verb_haf-p2-perf_m-sg_נָא-p1plx
1274,verb_haf-p3-impf_f-sg
1275,verb_haf-p2-impv_m-sg_ְנִי-p1sgx
1276,verb_pael-p1-impf_x-sg
1277,verb_haf-p1-perf_x-sg
1278,verb_haf-p3-impf_m-sg
1279,subs_x-sg_כ-p2sgm
1280,verb_haf-x-infc_x-x_ַנִי-p1sgx
1281,verb_peal-p1-perf_x-sg
1282,verb_haf-p3-perf_m-sg_ָכְ-p2sgm
1283,verb_peal-p2-impf_m-sg
1284,subs_x-sg_ָכְ-p2sgm
1285,subs_f-pl_הִי-p3sgm
1286,subs_f-pl_ֵהּ-p3sgf
1287,subs_m-du_הִי-p3sgm
1288,subs_f-du_הִי-p3sgm
1289,prep_NA-NA_הון-p3plf
1290,verb_htpe-p3-perf_f-sg
1291,verb_haf-p3-perf_f-sg
1292,verb_htpe-p3-perf_m-sg
1293,prep_NA-NA_ְהוֹן-p3plm
1294,verb_peal-p1-impf_x-pl
1295,subs_f-sg_ָכְ-p2sgm
1296,subs_m-sg_ְהוֹן-p3plm
1297,verb_peal-p3-impf_f-sg
1298,prep_NA-NA_ַהּ-p3sgm
1299,verb_htpa-x-ptca_m-sg
1300,subs_m-pl_הוֹן-p3plm
1301,verb_htpa-p3-impf_f-sg
1302,verb_htpe-p3-impf_f-sg
1303,verb_etpe-p3-perf_f-sg
1304,verb_haf-x-ptcp_m-sg
1305,subs_m-sg_ֲכוֹן-p2plm
1306,verb_peal-x-infc_x-x_c
1307,verb_haf-p3-perf_m-sg_ֵהּ-p3sgf
1308,verb_afel-p3-perf_m-sg_ֵהּ-p3sgf
1309,prep_NA-NA_ְכוֹן-p2plm
1310,verb_htpe-p3-impf_m-sg
1311,verb_peal-x-ptca_f-sg
1312,verb_pael-p2-perf_m-sg
1313,prep_NA-NA_הוֹן-p3plm
1314,prep_NA-NA_כ-p2sgm
1315,verb_haf-p2-perf_m-sg
1316,verb_hof-p3-perf_m-pl
1317,subs_x-sg_כוֹן-p2plm
1318,verb_shaf-p3-impf_m-sg_כוֹן-p2plm
1319,verb_haf-x-infc_x-x_ָכְ-p2sgm
1320,subs_m-sg_ַנָא-p1plx
1321,verb_shaf-x-infc_x-x_ַנָא-p1plx
1322,verb_shaf-p3-impf_m-sg
1323,subs_m-pl_כְ-p2sgm
1324,subs_x-sg_נא-p1plx
1325,verb_etpa-p3-perf_m-sg
1326,verb_peal-x-infc_x-x_ֵהּ-p3sgf
1327,verb_peil-p3-perf_m-pl
1328,subs_m-pl_הון-p3plm
1329,subs_f-pl_ְהוֹן-p3plm
1330,verb_haf-p3-perf_m-pl
1331,verb_pael-x-ptcp_m-pl
1332,verb_peal-x-ptcp_m-pl
1333,verb_haf-x-ptca_m-pl
1334,verb_htpa-p3-perf_m-sg
1335,subs_m-sg_ֲהוֹן-p3plm
1336,verb_shaf-p3-perf_m-sg
1337,verb_htpe-p3-perf_m-pl
1338,prep_NA-NA_הִי-p3sgm
1339,verb_pael-p3-perf_m-pl
1340,subs_m-sg_הון-p3plm
1341,verb_htpa-p3-impf_m-sg
1342,subs_m-sg_כוֹן-p2plm
1343,subs_f-sg_ֵהּ-p3sgf
1344,verb_pael-p3-impf_m-sg_ַנִי-p1sgx
1345,verb_pael-p3-impf_m-pl_ַנִי-p1sgx
1346,verb_haf-p3-impf_m-pl_ַנִי-p1sgx
1347,verb_peal-p3-impf_f-pl
1348,verb_pael-p2-impv_m-pl
1349,verb_afel-p2-impv_m-pl
1350,verb_pael-p3-impf_m-pl
1351,verb_peal-p3-impf_m-sg_ַהּ-p3sgm
1352,subs_m-sg_ֵא-p3sgf
1353,verb_pael-p3-impf_m-pl_ֵהּ-p3sgf
1354,verb_pael-p3-impf_m-sg_ָכְ-p2sgm
1355,subs_m-sg_י-p1sgx
1356,verb_peal-x-ptca_m-pl_כ-p2sgm
1357,verb_pael-p2-impv_m-pl_הִי-p3sgm
1358,verb_pael-x-ptca_m-pl
1359,subs_f-pl_ָכְ-p2sgm
1360,verb_peal-p1-perf_x-sg_ַהּ-p3sgm
1361,verb_pael-p1-perf_x-sg
1362,verb_pael-p3-impf_m-sg
1363,subs_m-sg_הִי-p3sgm
1364,verb_peal-p3-perf_f-pl
1365,verb_peal-x-ptca_f-pl
1366,verb_peal-p3-perf_m-pl_הִי-p3sgm
1367,subs_m-sg_א-p3sgf
1368,verb_pael-p3-impf_m-pl_כְ-p2sgm
1369,verb_etpa-p3-impf_m-pl
1370,subs_m-sg_כְ-p2sgm
1371,verb_afel-x-infc_x-x_c
1372,verb_haf-p1-impf_x-sg_ֵהּ-p3sgf
1373,verb_htpa-p2-perf_m-sg
1374,verb_haf-p3-perf_m-sg_ַהּ-p3sgm
1375,verb_peil-p2-perf_m-sg
1376,verb_htpe-p2-perf_m-sg
1377,verb_peil-p3-perf_f-sg
1378,verb_haf-x-infc_x-x_ֵהּ-p3sgf
1379,verb_haf-p1-perf_x-pl
1380,verb_etpa-p3-perf_m-pl
1381,verb_haf-p2-impf_m-sg
1382,verb_peal-x-ptcp_f-pl
1383,verb_shaf-x-infc_x-x_ֵהּ-p3sgf
1384,verb_shaf-p3-impf_m-sg_ָכְ-p2sgm
1385,verb_peal-p3-perf_m-sg_ַהּ-p3sgm
1386,verb_shaf-x-infc_x-x_ָכְ-p2sgm
1387,verb_pael-p3-perf_m-pl_נִי-p1sgx
1388,subs_f-pl_הוֹן-p3plm
1389,verb_shaf-x-ptca_m-sg
1390,verb_haf-x-ptca_f-pl
1391,subs_f-pl_הּ-p3sgm
1392,subs_m-sg_ַהּ-p3sgm
1393,verb_peal-p2-impv_f-sg
1394,verb_pael-x-ptcp_f-sg
1395,subs_m-pl_הּ-p3sgm
1396,subs_m-pl_הון-p3plf
1397,verb_etpe-p3-perf_f-pl
1398,subs_x-sg_ה-p3sgm
1399,verb_pael-x-ptca_f-sg
1400,verb_haf-p3-perf_m-pl_הִי-p3sgm
1401,verb_haf-p3-impf_m-sg_ַנִי-p1sgx
1402,subs_m-sg_הון-p3plf
1403,subs_f-du_הּ-p3sgm
1404,subs_f-pl_ַהּ-p3sgm
1405,verb_peal-p3-impf_f-sg_ַהּ-p3sgm
1406,verb_haf-p3-impf_f-sg_ַהּ-p3sgm
1407,verb_htpa-p3-impf_m-pl
1408,verb_qal-x-ptca_f-pl_נוּ-p1plx
1409,verb_hif-x-ptca_m-pl_הָ-p3sgf
1410,verb_pual-p3-wayq_m-sg
1411,subs_m-pl_ְהוֹן-p3plm
1412,prep_NA-NA_נָא-p1plx
1413,verb_shaf-p3-perf_m-pl
1414,prep_NA-NA_ַנָא-p1plx
1415,subs_m-pl_ָכְ-p2sgm
1416,verb_haf-x-ptca_f-sg_c
1417,verb_htpa-x-ptca_f-sg
1418,verb_htpe-x-ptca_m-sg
1419,verb_haf-x-infc_x-x_c
1420,prep_NA-NA_ְהֹם-p3plm
1421,prep_NA-NA_ְכֹם-p2plm
1422,verb_shaf-x-infc_x-x
1423,subs_m-sg_ֲהֹם-p3plm
1424,subs_m-pl_ֵהּ-p3sgf
1425,verb_htpe-x-ptca_f-sg
1426,subs_f-sg_הֹם-p3plm
1427,subs_m-pl_ְהֹם-p3plm
1428,subs_m-pl_הֹם-p3plm
1429,verb_haf-p3-perf_m-pl_נָא-p1plx
1430,verb_peal-p3-perf_m-sg_הִי-p3sgm
1431,verb_shaf-p3-perf_m-sg_ֵהּ-p3sgf
1432,subs_m-pl_ַנָא-p1plx
1433,verb_peal-p3-perf_m-sg_ֵהּ-p3sgf
1434,verb_afel-p2-impv_m-sg
1435,verb_peal-x-ptca_m-pl_הִי-p3sgm
1436,verb_htpa-p3-perf_m-pl
1437,verb_htpa-x-infc_x-x_c
1438,verb_pael-p2-impf_m-sg
1439,subs_m-sg_ֲכֹם-p2plm
1440,verb_htpe-x-ptca_m-pl
1441,verb_haf-p2-impv_m-sg
1442,verb_peal-p3-impf_m-sg_כוֹן-p2plm
1443,prep_NA-NA_הֹם-p3plm
1444,verb_pael-p2-impv_m-sg
1445,verb_qal-p2-wayq_m-sg_ָהּ-p3sgf
1446,verb_hif-p2-impf_m-pl_הָ-p3sgf
1447,subs_f-pl_הם-p3plm
1448,verb_piel-x-infc_x-x_ַנִי-p1sgx
1449,verb_hsht-p2-impv_m-pl
1450,verb_piel-p2-impv_m-sg_ֵנוּ-p1plx
1451,subs_m-sg_ו-p1sgx
1452,verb_qal-x-ptca_m-sg_כָּ-p2sgm
1453,verb_hif-p3-impf_m-sg_כָּ-p2sgm
1454,verb_qal-p3-impf_f-sg_ֵנִי-p1sgx
1455,verb_piel-p2-impf_m-sg_ִי-p1sgx
1456,verb_qal-p2-wayq_m-sg_וּ-p3sgm
1457,verb_poel-x-ptca_m-sg_ִי-p1sgx
1458,verb_hof-p1-impf_x-sg
1459,verb_piel-p2-wayq_m-sg_ֵהוּ-p3sgm
1460,verb_qal-p3-impf_f-sg_ֵהוּ-p3sgm
1461,verb_hif-p3-impf_f-sg_ֵהוּ-p3sgm
1462,verb_piel-p2-impf_m-pl_ַנִי-p1sgx
1463,verb_qal-p3-impf_f-pl_נִי-p1sgx
1464,verb_hif-p3-wayq_m-sg_וּ-p3sgm
1465,verb_qal-x-ptcp_m-sg_וֹ-p3sgm
1466,verb_piel-p3-impf_f-sg_כָּ-p2sgm
1467,subs_f-sg_כָ-p2sgm
1468,verb_qal-p2-impv_m-sg_ַנִי-p1sgx
1469,subs_f-du_הוּ-p3sgm
1470,verb_hif-p1-impf_x-sg_ֶהָ-p3sgf
1471,verb_hit-x-ptca_m-sg_ִי-p1sgx
1472,subs_f-du_מוֹ-p3plm
1473,verb_piel-p3-wayq_f-sg_ֵנִי-p1sgx
1474,verb_hit-p2-wayq_m-sg
1475,verb_poal-p3-impf_m-pl
1476,verb_qal-x-ptca_m-sg_ֵנִי-p1sgx
1477,verb_piel-p3-wayq_m-sg_וּ-p3sgm
1478,verb_qal-p3-wayq_m-sg_וּ-p3sgm
1479,subs_f-sg_י-p3sgm
1480,intj_NA-NA_ֵנוּ-p1plx
1481,verb_qal-p3-impf_f-sg_ֶהָ-p3sgf
1482,verb_hif-p3-perf_x-pl_הָ-p3sgf
1483,subs_f-sg_כ-p2sgf
1484,verb_piel-p1-perf_x-pl_הוּ-p3sgm
1485,subs_m-pl_נה-p1plx
1486,verb_hif-x-infc_x-x_ֵכְ-p2sgf
1487,subs_m-sg_מ-p3plm
1488,verb_nif-x-ptca_m-sg_ֲכֶם-p2plm
1489,verb_hit-p1-wayq_x-pl
1490,verb_qal-x-ptca_m-sg_מ-p3plm
1491,verb_pual-x-ptcp_m-sg_c
1492,verb_nif-x-ptca_f-pl_כָ-p2sgm
1493,verb_qal-p2-wayq_m-sg_ֵמ-p3plm
1494,verb_qal-p3-wayq_m-pl_כָ-p2sgm
1495,verb_qal-p3-impf_m-pl_ְנִי-p1sgx
1496,verb_qal-p3-impf_f-sg_כָּה-p2sgm
1497,verb_qal-p2-impv_m-sg_ֶהָ-p3sgf
1498,verb_piel-p2-impv_m-sg_ֶהָ-p3sgf
1499,verb_qal-p3-impf_m-pl_וֹ-p3sgm
1500,verb_hit-x-infc_x-x_ְכָ-p2sgm
1501,verb_qal-p3-impf_f-sg_ֲכָ-p2sgm
1502,verb_qal-p1-wayq_x-sg_כָּ-p2sgm
1503,verb_hif-p3-perf_f-sg_וּ-p3sgm
1504,verb_qal-x-ptca_m-pl_ה-p1sgx
1505,verb_qal-p3-impf_m-sg_מ-p3plm
1506,verb_hit-x-ptca_m-sg_וֹ-p3sgm
1507,subs_x-sg_ו-p3sgm
1508,verb_qal-x-ptca_f-sg_ֶכָ-p2sgm
1509,subs_m-sg_ֶכָה-p2sgm
1510,subs_m-sg_כָּ-p2sgm
1511,verb_pasq-x-ptcp_f-sg
1512,verb_piel-p3-impf_m-sg_ֵמוֹ-p3plm
1513,verb_hif-p2-impv_m-sg_ֵמוֹ-p3plm
1514,subs_m-sg_ָמוֹ-p3plm
1515,subs_m-sg_מוֹ-p3plm
1516,verb_qal-p3-perf_x-pl_ני-p1plx
1517,verb_qal-x-ptcp_m-sg_כ-p2sgm
1518,verb_piel-x-ptca_m-sg_ֵנִי-p1sgx
1519,verb_piel-p2-wayq_m-sg_ֵמוֹ-p3plm
1520,adjv_f-sg_ִי-p1sgx
1521,verb_piel-p2-impv_m-pl_הוּ-p3sgm
1522,verb_piel-p3-impf_m-sg_ֶהָ-p3sgf
1523,verb_piel-p2-impv_m-sg_ֵמ-p3plm
1524,verb_qal-x-infc_x-x_י-p1sgx
1525,verb_qal-p3-impf_f-sg_וֹ-p3sgm
1526,verb_hit-p1-impf_x-sg_ֵמ-p3plm
1527,verb_piel-p2-wayq_m-sg_ֵמ-p3plm
1528,verb_piel-x-ptca_m-pl_נוּ-p1plx
1529,verb_hif-p2-wayq_m-sg_ֵנוּ-p1plx
1530,verb_hif-p3-impf_f-sg_ְכָ-p2sgm
1531,adjv_f-pl_כָ-p2sgm
1532,verb_hsht-p2-impv_f-sg
1533,verb_hof-p3-impf_f-pl
1534,verb_piel-p3-impf_m-sg_ְנִי-p1sgx
1535,verb_qal-x-ptca_m-sg_ָכְ-p2sgm
1536,verb_piel-p3-impf_m-sg_ֶכָ-p2sgm
1537,subs_m-sg_ֵמוֹ-p3plm
1538,verb_qal-p2-impv_m-sg_נו-p1sgx
1539,verb_piel-p3-impf_m-pl_ְכָ-p2sgm
1540,verb_hif-p2-impf_m-sg_ֶהָ-p3sgf
1541,verb_qal-x-ptca_m-sg_ֵמ-p3plm
1542,verb_hif-p2-perf_m-sg_נו-p1sgx
1543,verb_piel-p2-impf_m-sg_נו-p1sgx
1544,verb_qal-p3-perf_f-sg_מוֹ-p3plm
1545,verb_pual-p3-impf_f-pl
1546,verb_etpa-p3-perf_x-pl
1547,verb_poel-p3-perf_x-pl
1548,verb_qal-p1-wayq_x-pl_ֵמ-p3plm
1549,verb_hif-p2-wayq_m-sg_ֵמוֹ-p3plm
1550,verb_qal-p2-wayq_m-sg_ֶהָ-p3sgf
1551,verb_piel-p1-wayq_x-sg_כָּ-p2sgm
1552,verb_qal-x-ptcp_m-pl_כָ-p2sgm
1553,verb_qal-p2-impv_m-sg_ֵמוֹ-p3plm
1554,adjv_m-pl_מוֹ-p3plm
1555,verb_qal-x-ptcp_m-sg_ֵנוּ-p1plx
1556,verb_qal-p3-impf_m-pl_ְכָ-p2sgm
1557,subs_m-sg_ֵכִי-p2sgf
1558,subs_m-pl_כִי-p2sgf
1559,verb_piel-x-ptca_m-sg_ֵכִי-p2sgf
1560,subs_f-pl_כִי-p2sgf
1561,subs_m-sg_וו-p3sgm
1562,verb_nif-p3-wayq_m-pl_נִי-p1sgx
1563,prep_NA-NA_כִי-p2sgf
1564,verb_hif-p1-impf_x-sg_ַמ-p3plm
1565,verb_piel-p3-impf_m-sg_ִי-p1sgx
1566,verb_piel-p1-perf_x-pl_כֶם-p2plm
1567,verb_piel-p3-wayq_m-pl_נִי-p1sgx
1568,adjv_f-pl_ָמ-p3plm
1569,subs_f-sg_נו-p1plx
1570,verb_pual-x-infc_x-x_וֹ-p3sgm
1571,subs_f-pl_ִי-p1sgx
1572,verb_qal-p1-impf_x-sg_ֵכִי-p2sgf
1573,subs_f-sg_ֶכָה-p2sgm
1574,intj_NA-NA_כָּ-p2sgm
1575,subs_x-sg_ֵנִי-p1sgx
1576,prep_NA-NA_ֶכָ-p2sgm
1577,verb_hit-x-ptca_m-pl_כָ-p2sgm
1578,verb_piel-p3-impf_m-sg_ומו-p3plm
1579,verb_qal-p2-wayq_m-sg_ֵהוּ-p3sgm
1580,verb_piel-p3-impf_m-pl_כָה-p2sgm
1581,verb_nif-x-ptca_m-pl_הֶם-p3plm
1582,verb_nif-p2-impf_f-pl
1583,subs_f-sg_ָנוּ-p1plx
1584,verb_qal-p3-perf_f-sg_ֶכְ-p2sgf
1585,subs_m-sg_נו-p1plx
1586,subs_m-sg_ִכְ-p2sgf
1587,verb_qal-x-ptca_f-sg_ָהּ-p3sgf
1588,verb_hif-p1-impf_x-sg_ֲכָ-p2sgm
1589,verb_piel-p3-perf_f-sg_כָ-p2sgm
